<code_scheme name="Default" version="173">
  <Python>
    <option name="OPTIMIZE_IMPORTS_SORT_NAMES_IN_FROM_IMPORTS" value="true" />
    <option name="OPTIMIZE_IMPORTS_JOIN_FROM_IMPORTS_WITH_SAME_SOURCE" value="true" />
  </Python>
  <codeStyleSettings language="HTML">
    <indentOptions>
      <option name="INDENT_SIZE" value="2" />
      <option name="CONTINUATION_INDENT_SIZE" value="4" />
      <option name="TAB_SIZE" value="2" />
    </indentOptions>
  </codeStyleSettings>
  <codeStyleSettings language="Python">
    <option name="RIGHT_MARGIN" value="140" />
    <indentOptions>
      <option name="INDENT_SIZE" value="2" />
      <option name="CONTINUATION_INDENT_SIZE" value="4" />
      <option name="TAB_SIZE" value="2" />
    </indentOptions>
  </codeStyleSettings>
</code_scheme>