{
    "_metadata_": {
        "schema_version": "landfill_v01_00",
        "payload description": "Test of Excel jinja templating system",
        "File created at": "2025-04-26T00:27:50.805072+00:00",
        "Serialized with": "utils.json.json_save_with_meta",
        "Deserialize with": "utils.json.json_load_with_meta"
    },
    "_data_": {
        "id_incidence": "153",
        "id_plume": "447",
        "observation_timestamp": "06/25/2024 00:00",
        "lat_carb": "35.3211",
        "long_carb": "-119.5808",
        "id_message": "200-002",
        "facility_name": "Example Facility Name",
        "id_arb_swis": "Example Cal SWIS ID",
        "contact_name": "Example Contact Person Name",
        "contact_phone": "555-555-5555",
        "contact_email": "me@email.com"
    }
}