{
  "_metadata_": {
    "schema_version": "landfill_v03",
    "payload description": "test of Excel jinja templating system",
    "File created at": "2024-12-25T21:20:29.661731",
    "Serialized with": "rsdas_util.misc.json_save_with_meta",
    "Deserialize with": "rsdas_util.misc.json_load_with_meta"
  },
  "data": {
    "id_incidence": "153",
    "id_plume": "447",
    "observation_timestamp": "06/25/2024 00:00",
    "lat_carb": "35.3211",
    "long_carb": "-119.5808",
    "notification_timestamp": "06/27/2024 00:00",
    "facility_name": "Facility Name",
    "id_arb_eggrt": "Cal e-GGRT ARB ID",
    "contact_name": "Contact Person Name",
    "contact_phone": "555-555-5555",
    "contact_email": "me@email.com",
    "inspection_timestamp": "08/14/2023 00:00",
    "instrument": "Q7 Answer.",
    "emission_identified_flag_fk": "Please Select",
    "initial_leak_concentration": "500",
    "lat_revised": "35.3211",
    "long_revised": "-119.5808",
    "emission_type_fk": "Not found",
    "emission_type_notes": "Q13 Answer.",
    "emission_location": "Gas Control Device/Control System Component",
    "emission_location_notes": "Q15 Answer.",
    "emission_cause": "Construction - Other",
    "emission_cause_secondary": "Offline Gas Collection Well(s)",
    "emission_cause_tertiary": "Construction - New Well Installation",
    "emission_cause_notes": "Q19 Answer.",
    "mitigation_actions": "Q20 Answer",
    "mitigation_timestamp": "12/15/2023 00:00",
    "re_monitored_concentration": "85",
    "most_recent_prior_inspection": "Not sure if this is a timestamp or a float?",
    "last_surface_monitoring_timestamp": "12/16/2023 00:00",
    "last_component_leak_monitoring_timestamp": "12/17/2023 00:00",
    "included_in_last_lmr": "No",
    "included_in_last_lmr_description": "Q27 Answer",
    "planned_for_next_lmr": "No",
    "planned_for_next_lmr_description": "Q29 Answer",
    "additional_notes": "Q30 Answer."
  }
}