<application>
  <component name="AppInspectionProfilesVisibleTreeState">
    <entry key="Default">
      <profile-state>
        <expanded-state>
          <State>
            <id>Python</id>
          </State>
        </expanded-state>
        <selected-state>
          <State>
            <id>User defined</id>
          </State>
        </selected-state>
      </profile-state>
    </entry>
  </component>
  <component name="FileEditorProviderManager">{
  &quot;selectedProviders&quot;: {
    &quot;text-editor,csv-data-editor&quot;: &quot;text-editor&quot;
  }
}</component>
  <component name="LangManager">
    <option name="languageName" value="Python" />
  </component>
  <component name="NotRoamableUiSettings">
    <option name="fontSize" value="12.0" />
    <option name="presentationModeIdeScale" value="1.75" />
    <option name="overrideLafFontsWasMigrated" value="true" />
  </component>
  <component name="PropertyService"><![CDATA[{
  "keyToString": {
    "AIHubNotificationManager.lastUsedLicenseType": "PRO_TRIAL",
    "CUSTOMIZE_ACTIONS": "reload from disk\nreload from",
    "CWM_LOGGING_VERSION": "1",
    "CommitToolWindow.COMMIT_SPLITTER_PROPORTION": "0.6195426",
    "DBE.Default.Dialect": "",
    "DEBUGGER_VISUALIZED_TEXT_SELECTED_TAB#com.intellij.xdebugger.impl.ui.visualizedtext.FallbackTextVisualizer#com.intellij.xdebugger.impl.ui.visualizedtext.common.JsonTextVisualizer#com.intellij.xdebugger.impl.ui.visualizedtext.common.UrlEncodedTextVisualizer": "com.intellij.xdebugger.impl.ui.visualizedtext.common.JsonTextVisualizer",
    "Endpoints.split": "0.65",
    "FileTemplates.SelectedTemplate": "HTML File",
    "FindSplitterProportion": "0.3302564",
    "Grazie.Professional.Advertisement.Invoked": "3",
    "Grazie.Professional.Advertisement.Shown": "1745882273114",
    "InstalledPluginsSearchHistory": "display\nDatalore\nScientificDatalore\nScientific\ndata",
    "LAST_CALCULATED_COLOR_INDEX_KEY": "2",
    "LAST_EXTRACTOR_SCRIPTS_CLEANUP_VERSION/data/aggregators": "PY-251.25410.159",
    "LAST_EXTRACTOR_SCRIPTS_CLEANUP_VERSION/data/extractors": "PY-251.25410.159",
    "LayoutCode.optimizeImports": "true",
    "LayoutCode.processChangedText": "false",
    "Markdown Split EditorLayout": "Editor only",
    "MarketplacePluginsSearchHistory": "/suggested\nBash\nBashSupport",
    "NonModalCommitCustomization.IsApplied": "true",
    "PACKAGE_FILTER": "flask",
    "PYCHARM_CONDA_FULL_LOCAL_PATH": "C:\\Users\\theld\\AppData\\Local\\miniconda3\\condabin\\conda.bat",
    "PluginConfigurable.selectionTab": "1",
    "ProjectStructure.SecondLevelElements": "0.44375",
    "PyCharm.InitialConfiguration": "true",
    "PyCharm.InitialConfiguration.V2": "true",
    "PyCharm.InitialConfiguration.V3": "true",
    "PyCharm.InitialConfiguration.V4": "true",
    "PyCharm.InitialConfiguration.V5": "true",
    "PyCharm.InitialConfiguration.V6": "true",
    "PyCharm.InitialConfiguration.V7": "true",
    "PyCharm.InitialConfiguration.V8": "true",
    "PyCharm.NewProject.Git": "false",
    "PyCharm.NewProject.Welcome": "false",
    "PythonUnitTestRunnerSupport.hidePassedTests": "false",
    "RunConfigurable.dividerProportion": "0.27238333",
    "RunOnceActivity.Run Grazie Token Refresher": "true",
    "RunOnceActivity.TerminalLocalOptions.migration": "true",
    "RunOnceActivity.TerminalOptionsProvider.migration.2025.1.1": "true",
    "RunOnceActivity.VFSInitializationConditionsToFusReporter": "true",
    "RunOnceActivity.git.modal.commit.deprecation.notification": "true",
    "RunOnceActivity.git.modal.commit.toggle": "true",
    "RunOnceActivity.llm.onboarding.window.launcher.v7": "true",
    "RunOnceActivity.llm.show.ai.promotion.window.on.start": "true",
    "RunOnceActivity.pycharm.endpoints.tab.on.search.everywhere.enabled": "true",
    "SHELLCHECK.PATH": "",
    "SHELLCHECK.SKIPPED.VERSION": "0.7.1",
    "SettingsSearchHistory": "plug\nipy\nShow plots in toolwindow\nscientific\nPython Scientific",
    "TextEditorWithPreview.SplitterProportionKey": "0.6067828",
    "Vcs.Log.Text.Filter.History": "9c38cbb\ntag",
    "WelcomeFeature.SHORT_WELCOME_GUIDE_SHOWN": "true",
    "ai.assistant.toolwindow.shown.at.start": "true",
    "ai.promo.window.was.actually.shown": "true",
    "appcds.runOnSecondStart": "PY-232.10227.11-08f794401ae1d2e347f161596c588d7069f4c110473c7ccf65e84792cf280a88",
    "ask.about.ctrl.y.shortcut.v2": "true",
    "bundled.plugins.list.saved.version": "PY-233.15026.15",
    "com.intellij.database.actions.DbDeleteProvider$2.proportion": "0.5",
    "database.data.extractors.output.dir": "C:\\one_drive\\code\\pycharm\\plume_portal",
    "dir.diff.space.button.info": "3",
    "evlsprt3.232": "3",
    "evlsprt3.233": "4",
    "evlsprt3.241": "7",
    "evlsprt3.242": "7",
    "evlsprt3.243": "7",
    "evlsprt3.251": "7",
    "experimental.ui.on.first.startup": "true",
    "experimental.ui.used.version": "251.26927.90",
    "experimentalFeature.terminal.shell.command.handling": "false",
    "file.gist.reindex.count": "100",
    "fileTypeChangedCounter": "31",
    "fontSizeToResetConsole": "13.0",
    "fontSizeToResetEditor": "13.0",
    "got.it.tooltip.Plugins Auto-Update": "1",
    "got.it.tooltip.builtin.web.server.reload.on.save": "1",
    "got.it.tooltip.database.schema.control.got.it": "1",
    "got.it.tooltip.js.debugger.terminal.start.debugger.from.url": "1",
    "got.it.tooltip.reader.mode.got.it": "1",
    "got.it.tooltip.settings.sync.in.settings": "1",
    "got.it.tooltip.speed.search.shown": "1",
    "got.it.tooltip.web.preview.reload.on.save": "1",
    "gotit.previous.run": "PY-242.20224.347",
    "ide.memory.adjusted": "true",
    "ift.hide.welcome.screen.promo": "true",
    "ignore.virus.scanning.warn.message": "true",
    "ignoreUltimateEdition": "true",
    "last_opened_file_path": "C:/one_drive/code/ssh_and_pem/th.pem",
    "llm.installer.auto.activation.executed": "true",
    "llm.installer.last.toolwindow.state": "AI_ASSISTANT",
    "local.user.name": "theld",
    "migrated.non.roamable.values.from.general.settings": "true",
    "previousColorScheme": "_@user_Dark",
    "pycharm.endpoints.tab.on.search.everywhere.enabled": "true",
    "python.move.module.members.dialog.show.table": "true",
    "python.new.interpreter.fav.manager": "CONDA",
    "python.new.interpreter.fav.method": "SELECT_EXISTING",
    "python.new.interpreter.fav.mode": "CUSTOM",
    "registry.to.advanced.settings.migration.build": "PY-251.26927.90",
    "selected.color.option.type": "DJANGO_FILTER",
    "settings.code.style.selected.tab.Python": "Spaces",
    "tab_selection_count": "5",
    "tasks.pass.word.conversion.enforced": "true",
    "terminal.gen.one.option.visible": "false",
    "thinClient.ws": "true",
    "toolwindow.showToolWindowsNames.ts": "2024-11-04T15:53:04.4011478",
    "trial.state.last.state": "ACTIVE",
    "ts.lib.d.ts.version": "5.7.3",
    "vcs.branch.view.splitter.proportion": "0.18570428",
    "vcs.history.diff.splitter.proportion": "0.47710684",
    "vcs.log.changes.splitter.proportion": "0.6237351",
    "vcs.log.details.splitter.proportion": "0.36347517",
    "whats.new.last.shown.version": "2025-1-23774-021af14a652f32a159ff6212bf59642c6108e23f"
  },
  "keyToStringList": {
    "AIHubNotificationManager.lastAllNotifications": [
      "PRO_TRIAL_EXPIRING"
    ],
    "AIHubNotificationManager.notifications": [
      "PRO_TRIAL_EXPIRING"
    ],
    "AIHubNotificationManager.seenNotifications": [],
    "completion.ml.templates.used": [
      "super"
    ],
    "file.chooser.recent.files": [
      "C:/one_drive/code/pycharm/feedback_portal/source/production/arb/portal/app_old.py",
      "C:/one_drive/code/pycharm/feedback_portal",
      "C:/one_drive/code/pycharm/feedback_portal/source/production/arb/utils/excel/backup_2025_02_12",
      "C:/one_drive/code/pycharm/feedback_portal/source/production/arb/portal/app_util.py",
      "C:/one_drive/code/pycharm/feedback_portal/source/production/arb/portal/app.py",
      "C:/one_drive/code/pycharm/feedback_portal/source/production/arb/portal/portal_util.py",
      "C:/one_drive/code/pycharm/feedback_portal/source/production/arb/utils/sql_alchemy.py",
      "C:/one_drive/code/pycharm/feedback_portal/source/production/arb/utils/misc.py",
      "C:/one_drive/code/pycharm/feedback_portal/source/production/arb/utils/database.py",
      "C:/one_drive/code/pycharm/feedback_portal/source/production/arb/portal/db_hardcoded.py",
      "C:/one_drive/code/pycharm/feedback_portal/source/production/arb/utils",
      "C:/one_drive/code/pycharm/feedback_portal/source/production/arb/utils/excel/xl_create.py",
      "C:/one_drive/code/pycharm/feedback_portal/source/production/arb/utils/json.py",
      "C:/one_drive/code/pycharm/feedback_portal/source/production/arb/utils/excel/xl_parse.py",
      "C:/one_drive/code/pycharm/feedback_portal/source/production/arb/utils/log_files.py",
      "C:/one_drive/code/pycharm/feedback_portal/source/production/arb/utils/diagnostics.py",
      "C:/one_drive/code/pycharm/feedback_portal/source/production/arb/utils/date_and_time.py",
      "C:/one_drive/code/pycharm/feedback_portal/source/production/arb/utils/file_io.py",
      "C:/one_drive/code/pycharm/feedback_portal/versions/excel_utils/excel.py",
      "C:/one_drive/code/pycharm/feedback_portal/versions/excel_utils/xl_schemas.py",
      "C:/one_drive/code/pycharm/feedback_portal/versions/rsdas_util/utilities.py",
      "C:/one_drive/code/pycharm/plume_portal/portal_03/db_util.py",
      "C:/one_drive/code/pycharm/plume_portal/portal_03/web_util.py",
      "C:/one_drive/code/pycharm/plume_portal/portal_03/spreadsheet_util.py",
      "C:/one_drive/code/pycharm/plume_portal/portal_03/wtf_util.py",
      "C:/one_drive/code/pycharm/plume_portal/portal_03/config.py",
      "C:/one_drive/code/pycharm/plume_portal/portal_03/globals.py",
      "C:/one_drive/code/ssh_and_pem/th.pem",
      "C:/one_drive/code/pycharm/plume_portal/portal_02/config.py",
      "C:/one_drive/code/pycharm/plume_portal/portal_02/wtf_forms.py"
    ],
    "fileTypeDetectors": [
      "com.intellij.ide.scratch.ScratchFileServiceImpl$Detector",
      "com.intellij.javascript.debugger.sourcemap.SourceMapFileType$MyFileTypeDetector",
      "com.intellij.database.vfs.DbStorageFileType$Detector",
      "com.jetbrains.nodejs.util.NodeFileTypeDetector$JavaScriptFileTypeDetector",
      "com.jetbrains.nodejs.util.NodeFileTypeDetector$TypeScriptFileTypeDetector",
      "org.jetbrains.plugins.textmate.TextMateFileType$TextMateFileDetector"
    ]
  }
}]]></component>
  <component name="ShownTips">{
  &quot;shownTips&quot;: {
    &quot;SpeedSearch&quot;: 1716931258641,
    &quot;LiveTemplates&quot;: 1722200799556,
    &quot;CtrlW&quot;: 1731567455751,
    &quot;find_usages&quot;: 1717428685818,
    &quot;ParameterInfo&quot;: 1732120216005,
    &quot;QuickJavaDoc&quot;: 1711334380966,
    &quot;SearchEverywhere&quot;: 1718309522778,
    &quot;GoToDeclaration&quot;: 1701405917798,
    &quot;RecentFiles&quot;: 1727627003152,
    &quot;NonSuspendingBreakpoints&quot;: 1724099121537,
    &quot;QuickSwitchScheme&quot;: 1727386972227,
    &quot;GoToClass&quot;: 1722287880722,
    &quot;ShowUsages&quot;: 1731641840639,
    &quot;FileStructurePopup&quot;: 1731685835064,
    &quot;GoToFile&quot;: 1732311394886,
    &quot;CamelHumpsInCodeCompletion&quot;: 1717514584387,
    &quot;PostfixCompletion&quot;: 1711488937510,
    &quot;CtrlShiftI&quot;: 1721140137133,
    &quot;FindInPath&quot;: 1697551602723,
    &quot;OverrideImplementMethods&quot;: 1711207517014,
    &quot;GoToAction&quot;: 1730917772979
  },
  &quot;proposedTips&quot;: {
    &quot;SpeedSearch&quot;: 1716931258430,
    &quot;LiveTemplates&quot;: 1722200799142,
    &quot;CtrlW&quot;: 1731567454075,
    &quot;find_usages&quot;: 1717428685494,
    &quot;ParameterInfo&quot;: 1732120215280,
    &quot;QuickJavaDoc&quot;: 1711334380661,
    &quot;SearchEverywhere&quot;: 1718309522306,
    &quot;GoToDeclaration&quot;: 1701405917561,
    &quot;RecentFiles&quot;: 1727627002799,
    &quot;NonSuspendingBreakpoints&quot;: 1724099120653,
    &quot;QuickSwitchScheme&quot;: 1727386972018,
    &quot;GoToClass&quot;: 1722287880385,
    &quot;ShowUsages&quot;: 1731641839577,
    &quot;FileStructurePopup&quot;: 1731685834663,
    &quot;GoToFile&quot;: 1732311394544,
    &quot;CamelHumpsInCodeCompletion&quot;: 1717514584307,
    &quot;PostfixCompletion&quot;: 1711488937236,
    &quot;CtrlShiftI&quot;: 1721140136750,
    &quot;FindInPath&quot;: 1697551602294,
    &quot;OverrideImplementMethods&quot;: 1711207516708,
    &quot;GoToAction&quot;: 1730917772541
  },
  &quot;tipsOrderSeed&quot;: 1697469499671
}</component>
</application>