<application>
  <component name="ProjectManager">
    <defaultProject>
      <component name="ProjectView">
        <navigator proportions="" version="1" />
        <panes />
      </component>
      <component name="ProjectViewState">
        <option name="hideEmptyMiddlePackages" value="true" />
        <option name="showLibraryContents" value="true" />
      </component>
      <component name="PropertiesComponent">{
  &quot;keyToString&quot;: {
    &quot;last_opened_file_path&quot;: &quot;C:/one_drive/code/pycharm&quot;,
    &quot;settings.editor.selected.configurable&quot;: &quot;advanced.settings&quot;
  }
}</component>
      <component name="WindowStateProjectService">
        <state x="731" y="321" key="FileChooserDialogImpl" timestamp="1721166053158">
          <screen x="0" y="0" width="1920" height="1080" />
        </state>
        <state x="731" y="321" key="FileChooserDialogImpl/1920.0.1280.800/0.0.1920.1080/-1920.0.1920.1080" timestamp="1721166053158" />
      </component>
    </defaultProject>
  </component>
</application>