﻿{
"additional_notes": {
"label": "Q23. Additional notes or comments:",
"label_address": "$B$69",
"value_address": "$D$69",
"is_drop_down": false
},
"component_at_source": {
"label": "Q16.  If your source is a component, what type of component is at the source of the emissions?",
"label_address": "$B$59",
"value_address": "$D$59",
"is_drop_down": true
},
"component_other_description": {
"label": "Q17.  If you answered 'Other' for Q16, please provide an additional description of the component.",
"label_address": "$B$60",
"value_address": "$D$60",
"is_drop_down": false
},
"contact_email": {
"label": "Q5.  Contact Email Address:",
"label_address": "$B$39",
"value_address": "$D$39",
"is_drop_down": false
},
"contact_name": {
"label": "Q3.  Contact Name:",
"label_address": "$B$37",
"value_address": "$D$37",
"is_drop_down": false
},
"contact_phone": {
"label": "Q4.  Contact Phone Number:",
"label_address": "$B$38",
"value_address": "$D$38",
"is_drop_down": false
},
"equipment_at_source": {
"label": "Q14.  What type of equipment is at the source of the emissions?",
"label_address": "$B$57",
"value_address": "$D$57",
"is_drop_down": true
},
"equipment_other_description": {
"label": "Q15.  If you answered 'Other' for Q14, please provide an additional description of the equipment.",
"label_address": "$B$58",
"value_address": "$D$58",
"is_drop_down": false
},
"facility_name": {
"label": "Q1.  Facility Name:",
"label_address": "$B$35",
"value_address": "$D$35",
"is_drop_down": false
},
"final_repair_concentration": {
"label": "Q21.  Final repair concentration in ppmv (if applicable):",
"label_address": "$B$64",
"value_address": "$D$64",
"is_drop_down": false
},
"found_source_type": {
"label": "Q10.  Type of source found:",
"label_address": "$B$50",
"value_address": "$D$50",
"is_drop_down": true
},
"id_arb_eggrt": {
"label": "Q2.  Facility's Cal e-GGRT ARB ID (if known):",
"label_address": "$B$36",
"value_address": "$D$36",
"is_drop_down": false
},
"id_incidence": {
"label": "1.  Incidence/Emission ID:",
"label_address": "$B$25",
"value_address": "$D$25",
"is_drop_down": false
},
"id_message": {
"label": "7.  CARB message ID:",
"label_address": "$B$31",
"value_address": "$D$31",
"is_drop_down": false
},
"id_plume": {
"label": "2.  Plume ID(s):",
"label_address": "$B$26",
"value_address": "$D$26",
"is_drop_down": false
},
"initial_leak_concentration": {
"label": "Q19.  Initial leak concentration in ppmv (if applicable):",
"label_address": "$B$62",
"value_address": "$D$62",
"is_drop_down": false
},
"initial_method_21_timestamp": {
"label": "Q18.  Date & time of initial Method 21 measurement (if applicable):",
"label_address": "$B$61",
"value_address": "$D$61",
"is_drop_down": false
},
"initial_mitigation_plan": {
"label": "Q12.  If you answered a 'Unintentional emission source (found with OGI)' or 'Leak (found with Method 21)' to Q10, please provide a description of your initial mitigation plan:",
"label_address": "$B$52",
"value_address": "$D$52",
"is_drop_down": false
},
"inspection_timestamp": {
"label": "Q8.  Date and time that the owner's/operator's follow-up ground inspection was completed:",
"label_address": "$B$48",
"value_address": "$D$48",
"is_drop_down": false
},
"inspection_type": {
"label": "Q9.  Type of initial inspection performed:",
"label_address": "$B$49",
"value_address": "$D$49",
"is_drop_down": true
},
"lat_carb": {
"label": "4.  Plume CARB Estimated Latitude:",
"label_address": "$B$28",
"value_address": "$D$28",
"is_drop_down": false
},
"long_carb": {
"label": "5.  Plume CARB Estimated Longitude:",
"label_address": "$B$29",
"value_address": "$D$29",
"is_drop_down": false
},
"notification_timestamp": {
"label": "6.  Operator Notification Timestamp:",
"label_address": "$B$30",
"value_address": "$D$30",
"is_drop_down": false
},
"observation_timestamp": {
"label": "3.  Plume Observation Timestamp(s):",
"label_address": "$B$27",
"value_address": "$D$27",
"is_drop_down": false
},
"ogi_survey": {
"label": "Q13.  If an OGI survey indicated an unintentional emission source, which of the options to the right applies?",
"label_address": "$B$56",
"value_address": "$D$56",
"is_drop_down": true
},
"repair_description": {
"label": "Q22.  Repair/Mitigation actions taken (if applicable):",
"label_address": "$B$65",
"value_address": "$D$65",
"is_drop_down": false
},
"repair_timestamp": {
"label": "Q20.  Repair/mitigation completion date & time (if applicable):",
"label_address": "$B$63",
"value_address": "$D$63",
"is_drop_down": false
},
"venting_description_1": {
"label": "Q7.  If you answered 'Yes' to Q6, please provide a brief summary of the source of the venting defined by Regulation 95669.1(b)(1) and why the venting occurred.",
"label_address": "$B$44",
"value_address": "$D$44",
"is_drop_down": false
},
"venting_description_2": {
"label": "Q11.  If you answered 'Venting' to Q10, please provide a brief summary of the source of the venting discovered during the ground inspection and why the venting occurred.",
"label_address": "$B$51",
"value_address": "$D$51",
"is_drop_down": false
},
"venting_exclusion": {
"label": "Q6.  Was the plume a result of activity-based venting that is being reported per section 95669.1(b)(1) of the Oil and Gas Methane Regulation?",
"label_address": "$B$43",
"value_address": "$D$43",
"is_drop_down": true
}
}