{"metadata": {"sector": "Landfill"}, "schemas": {"Feedback Form": "landfill_v01"}, "tab_contents": {"Feedback Form": {"facility_name": "Kiefer Landfill", "contact_phone": "9168756808", "contact_email": "zuberj@saccounty.gov", "id_incidence": 36, "id_plume": "59", "observation_timestamp": "datetime.datetime(2023, 6, 13, 12, 12, 49)", "inspection_timestamp": null, "instrument": null, "emission_identified_flag_fk": 1, "initial_leak_concentration": null, "lat_and_long_revised": null, "emission_type_fk": 2, "emission_type_notes": "Active construction area", "emission_location": 0, "emission_location_notes": "Active construction area.  I would need better data to pinpoint the leak area accurately.", "emission_cause": 4, "emission_cause_secondary": -1, "emission_cause_tertiary": -1, "emission_cause_notes": "Active construction in the vicinity. ", "mitigation_actions": "I'm some mitigatation actions", "mitigation_timestamp": null, "re_monitored_concentration": null, "most_recent_prior_inspection": null, "last_surface_monitoring_timestamp": null, "last_component_leak_monitoring_timestamp": null, "included_in_last_lmr": -1, "included_in_last_lmr_description": null, "planned_for_next_lmr": -1, "planned_for_next_lmr_description": null, "contact_last_name": "Zuber", "contact_first_name": "Jeremy", "lat_arb": "38.5183055555556", "long_arb": "-121.186555555556"}}}