{
    "_metadata_": {
        "schema_version": "energy_v00_01",
        "File created at": "2025-04-26T00:27:50.787072+00:00",
        "Serialized with": "utils.json.json_save_with_meta",
        "Deserialize with": "utils.json.json_load_with_meta"
    },
    "_data_": {
        "id_incidence": {
            "label": "1  IncidenceEmission ID",
            "label_address": "$B$27",
            "value_address": "$D$27",
            "value_type": {
                "__class__": "int",
                "__module__": "builtins"
            },
            "is_drop_down": false
        },
        "id_plume": {
            "label": "2  Plume IDs",
            "label_address": "$B$28",
            "value_address": "$D$28",
            "value_type": {
                "__class__": "int",
                "__module__": "builtins"
            },
            "is_drop_down": false
        },
        "observation_timestamp": {
            "label": "3  Plume Observation Timestamps",
            "label_address": "$B$29",
            "value_address": "$D$29",
            "value_type": {
                "__class__": "datetime",
                "__module__": "datetime"
            },
            "is_drop_down": false
        },
        "lat_carb": {
            "label": "4  Plume CARB Estimated Latitude",
            "label_address": "$B$30",
            "value_address": "$D$30",
            "value_type": {
                "__class__": "str",
                "__module__": "builtins"
            },
            "is_drop_down": false
        },
        "long_carb": {
            "label": "5  Plume CARB Estimated Longitude",
            "label_address": "$B$31",
            "value_address": "$D$31",
            "value_type": {
                "__class__": "str",
                "__module__": "builtins"
            },
            "is_drop_down": false
        },
        "id_message": {
            "label": "6  CARB message ID",
            "label_address": "$B$32",
            "value_address": "$D$32",
            "value_type": {
                "__class__": "str",
                "__module__": "builtins"
            },
            "is_drop_down": false
        },
        "facility_name": {
            "label": "Q1  Facility Name",
            "label_address": "$B$36",
            "value_address": "$D$36",
            "value_type": {
                "__class__": "str",
                "__module__": "builtins"
            },
            "is_drop_down": false
        },
        "id_arb_eggrt": {
            "label": "Q2  Facilitys Cal eGGRT ARB ID if known",
            "label_address": "$B$37",
            "value_address": "$D$37",
            "value_type": {
                "__class__": "str",
                "__module__": "builtins"
            },
            "is_drop_down": false
        },
        "contact_name": {
            "label": "Q3  Contact Name",
            "label_address": "$B$38",
            "value_address": "$D$38",
            "value_type": {
                "__class__": "str",
                "__module__": "builtins"
            },
            "is_drop_down": false
        },
        "contact_phone": {
            "label": "Q4  Contact Phone Number",
            "label_address": "$B$39",
            "value_address": "$D$39",
            "value_type": {
                "__class__": "str",
                "__module__": "builtins"
            },
            "is_drop_down": false
        },
        "contact_email": {
            "label": "Q5  Contact Email Address",
            "label_address": "$B$40",
            "value_address": "$D$40",
            "value_type": {
                "__class__": "str",
                "__module__": "builtins"
            },
            "is_drop_down": false
        },
        "ogi_performed": {
            "label": "Q6 Was an OGI inspection performed",
            "label_address": "$B$44",
            "value_address": "$D$44",
            "value_type": {
                "__class__": "str",
                "__module__": "builtins"
            },
            "is_drop_down": true
        },
        "ogi_date": {
            "label": "Q7  If you answered Yes to Q6 what date and time was the OGI inspection performed",
            "label_address": "$B$45",
            "value_address": "$D$45",
            "value_type": {
                "__class__": "datetime",
                "__module__": "datetime"
            },
            "is_drop_down": false
        },
        "ogi_result": {
            "label": "Q8 If you answered Yes to Q6 what type of source was found using OGI",
            "label_address": "$B$46",
            "value_address": "$D$46",
            "value_type": {
                "__class__": "float",
                "__module__": "builtins"
            },
            "is_drop_down": true
        },
        "method21_performed": {
            "label": "Q9  Was a Method 21 inspection performed",
            "label_address": "$B$47",
            "value_address": "$D$47",
            "value_type": {
                "__class__": "str",
                "__module__": "builtins"
            },
            "is_drop_down": true
        },
        "method21_date": {
            "label": "Q10  If you answered Yes to Q9 what date and time was the Method 21 inspection performed",
            "label_address": "$B$48",
            "value_address": "$D$48",
            "value_type": {
                "__class__": "datetime",
                "__module__": "datetime"
            },
            "is_drop_down": false
        },
        "method21_result": {
            "label": "Q11 If you answered Yes to Q9 what type of source was found using Method 21",
            "label_address": "$B$49",
            "value_address": "$D$49",
            "value_type": {
                "__class__": "float",
                "__module__": "builtins"
            },
            "is_drop_down": true
        },
        "initial_leak_concentration": {
            "label": "Q12 If you answered Yes to Q9 what was the initial leak concentration in ppmv if applicable",
            "label_address": "$B$50",
            "value_address": "$D$50",
            "value_type": {
                "__class__": "float",
                "__module__": "builtins"
            },
            "is_drop_down": false
        },
        "venting_description_2": {
            "label": "Q13  If you answered Venting to Q8 or Q11 please provide a brief summary of the source of the venting discovered during the ground inspection and why the venting occurred",
            "label_address": "$B$51",
            "value_address": "$D$51",
            "value_type": {
                "__class__": "str",
                "__module__": "builtins"
            },
            "is_drop_down": false
        },
        "initial_mitigation_plan": {
            "label": "Q14  If you answered a Unintentionalleak or Unintentionalnoncomponent to Q8 or Q11 please provide a description of your initial mitigation plan",
            "label_address": "$B$52",
            "value_address": "$D$52",
            "value_type": {
                "__class__": "str",
                "__module__": "builtins"
            },
            "is_drop_down": false
        },
        "equipment_at_source": {
            "label": "Q15  What type of equipment is at the source of the emissions",
            "label_address": "$B$56",
            "value_address": "$D$56",
            "value_type": {
                "__class__": "str",
                "__module__": "builtins"
            },
            "is_drop_down": true
        },
        "equipment_other_description": {
            "label": "Q16  If you answered Other for Q15 please provide an additional description of the equipment",
            "label_address": "$B$57",
            "value_address": "$D$57",
            "value_type": {
                "__class__": "str",
                "__module__": "builtins"
            },
            "is_drop_down": false
        },
        "component_at_source": {
            "label": "Q17  If your source is a component what type of component is at the source of the emissions",
            "label_address": "$B$58",
            "value_address": "$D$58",
            "value_type": {
                "__class__": "str",
                "__module__": "builtins"
            },
            "is_drop_down": true
        },
        "component_other_description": {
            "label": "Q18  If you answered Other for Q17 please provide an additional description of the component",
            "label_address": "$B$59",
            "value_address": "$D$59",
            "value_type": {
                "__class__": "str",
                "__module__": "builtins"
            },
            "is_drop_down": false
        },
        "repair_timestamp": {
            "label": "Q19  Repairmitigation completion date  time if applicable",
            "label_address": "$B$60",
            "value_address": "$D$60",
            "value_type": {
                "__class__": "datetime",
                "__module__": "datetime"
            },
            "is_drop_down": false
        },
        "final_repair_concentration": {
            "label": "Q20  Final repair concentration in ppmv if applicable",
            "label_address": "$B$61",
            "value_address": "$D$61",
            "value_type": {
                "__class__": "float",
                "__module__": "builtins"
            },
            "is_drop_down": false
        },
        "repair_description": {
            "label": "Q21  RepairMitigation actions taken if applicable",
            "label_address": "$B$62",
            "value_address": "$D$62",
            "value_type": {
                "__class__": "str",
                "__module__": "builtins"
            },
            "is_drop_down": false
        },
        "additional_notes": {
            "label": "Q22 Additional notes or comments",
            "label_address": "$B$66",
            "value_address": "$D$66",
            "value_type": {
                "__class__": "str",
                "__module__": "builtins"
            },
            "is_drop_down": false
        }
    }
}