{
    "_metadata_": {
        "schema_version": "oil_and_gas_v01_00",
        "payload description": "Test of Excel jinja templating system",
        "File created at": "2025-05-29T00:19:44.543637+00:00",
        "Serialized with": "utils.json.json_save_with_meta",
        "Deserialize with": "utils.json.json_load_with_meta"
    },
    "_data_": {
        "id_incidence": "4321",
        "id_plume": "1234",
        "observation_timestamp": "06/25/2024 00:00",
        "lat_carb": "35.3211",
        "long_carb": "-119.5808",
        "id_message": "123-001",
        "facility_name": "Example Facility Name",
        "id_arb_eggrt": "Example Cal e-GGRT ARB ID",
        "contact_name": "Example Contact Person Name",
        "contact_phone": "555-555-5555",
        "contact_email": "me@email.com"
    }
}