{
    "_metadata_": {
        "schema_version": "landfill_v03",
        "File created at": "2025-04-08T14:47:19.351099",
        "Serialized with": "utils.json.json_save_with_meta",
        "Deserialize with": "utils.json.json_load_with_meta",
        "notes": "Default values are empty strings unless the field is a drop down cell.  For drop down cells, the default is 'Please Select'."
    },
    "_data_": {
        "id_incidence": "",
        "id_plume": "",
        "observation_timestamp": "",
        "lat_carb": "",
        "long_carb": "",
        "id_message": "",
        "facility_name": "",
        "id_arb_swis": "",
        "contact_name": "",
        "contact_phone": "",
        "contact_email": "",
        "inspection_timestamp": "",
        "instrument": "",
        "emission_identified_flag_fk": "Please Select",
        "additional_activities": "",
        "initial_leak_concentration": "",
        "lat_revised": "",
        "long_revised": "",
        "emission_type_fk": "Please Select",
        "emission_location": "Please Select",
        "emission_location_notes": "",
        "emission_cause": "Please Select",
        "emission_cause_secondary": "Please Select",
        "emission_cause_tertiary": "Please Select",
        "emission_cause_notes": "",
        "mitigation_actions": "",
        "mitigation_timestamp": "",
        "re_monitored_timestamp": "",
        "re_monitored_concentration": "",
        "included_in_last_lmr": "Please Select",
        "included_in_last_lmr_description": "",
        "planned_for_next_lmr": "Please Select",
        "planned_for_next_lmr_description": "",
        "last_surface_monitoring_timestamp": "",
        "last_component_leak_monitoring_timestamp": "",
        "additional_notes": ""
    }
}