{
    "_metadata_": {
        "schema_version": "oil_and_gas_v03",
        "File created at": "2025-04-08T14:47:19.377324",
        "Serialized with": "utils.json.json_save_with_meta",
        "Deserialize with": "utils.json.json_load_with_meta",
        "notes": "Default values are empty strings unless the field is a drop down cell.  For drop down cells, the default is 'Please Select'."
    },
    "_data_": {
        "id_incidence": "",
        "id_plume": "",
        "observation_timestamp": "",
        "lat_carb": "",
        "long_carb": "",
        "id_message": "",
        "facility_name": "",
        "id_arb_eggrt": "",
        "contact_name": "",
        "contact_phone": "",
        "contact_email": "",
        "venting_exclusion": "Please Select",
        "venting_description_1": "",
        "ogi_performed": "Please Select",
        "ogi_date": "",
        "ogi_result": "Please Select",
        "method21_performed": "Please Select",
        "method21_date": "",
        "method21_result": "Please Select",
        "initial_leak_concentration": "Please Select",
        "venting_description_2": "",
        "initial_mitigation_plan": "",
        "equipment_at_source": "Please Select",
        "equipment_other_description": "",
        "component_at_source": "Please Select",
        "component_other_description": "",
        "repair_timestamp": "",
        "final_repair_concentration": "",
        "repair_description": "",
        "additional_notes": ""
    }
}