{
    "_metadata_": {
        "schema_version": "landfill_v02",
        "File created at": "2025-04-03T20:19:24.726722",
        "Serialized with": "utils.json.json_save_with_meta",
        "Deserialize with": "utils.json.json_load_with_meta"
    },
    "_data_": {
        "id_incidence": {
            "label": "1.  Incidence/Emission ID:",
            "label_address": "$B$27",
            "value_address": "$D$27",
            "value_type": {
                "__class__": "int",
                "__module__": "builtins"
            }
        },
        "id_plume": {
            "label": "2.  Plume ID(s):",
            "label_address": "$B$28",
            "value_address": "$D$28",
            "value_type": {
                "__class__": "int",
                "__module__": "builtins"
            }
        },
        "observation_timestamp": {
            "label": "3.  Plume Observation Timestamp(s):",
            "label_address": "$B$29",
            "value_address": "$D$29",
            "value_type": {
                "__class__": "datetime",
                "__module__": "datetime"
            }
        },
        "lat_carb": {
            "label": "4.  Plume CARB Estimated Latitude:",
            "label_address": "$B$30",
            "value_address": "$D$30",
            "value_type": {
                "__class__": "str",
                "__module__": "builtins"
            }
        },
        "long_carb": {
            "label": "5.  Plume CARB Estimated Longitude:",
            "label_address": "$B$31",
            "value_address": "$D$31",
            "value_type": {
                "__class__": "str",
                "__module__": "builtins"
            }
        },
        "notification_timestamp": {
            "label": "6.  Operator Notification Timestamp:",
            "label_address": "$B$32",
            "value_address": "$D$32",
            "value_type": {
                "__class__": "datetime",
                "__module__": "datetime"
            }
        },
        "facility_name": {
            "label": "Q1.  Facility Name:",
            "label_address": "$B$36",
            "value_address": "$D$36",
            "value_type": {
                "__class__": "str",
                "__module__": "builtins"
            }
        },
        "id_arb_eggrt": {
            "label": "Q2.  Facility's Cal e-GGRT ARB ID (if known):",
            "label_address": "$B$37",
            "value_address": "$D$37",
            "value_type": {
                "__class__": "str",
                "__module__": "builtins"
            }
        },
        "contact_name": {
            "label": "Q3.  Contact Name:",
            "label_address": "$B$38",
            "value_address": "$D$38",
            "value_type": {
                "__class__": "str",
                "__module__": "builtins"
            }
        },
        "contact_phone": {
            "label": "Q4.  Contact Phone Number:",
            "label_address": "$B$39",
            "value_address": "$D$39",
            "value_type": {
                "__class__": "str",
                "__module__": "builtins"
            }
        },
        "contact_email": {
            "label": "Q5.  Contact Email Address:",
            "label_address": "$B$40",
            "value_address": "$D$40",
            "value_type": {
                "__class__": "str",
                "__module__": "builtins"
            }
        },
        "inspection_timestamp": {
            "label": "Q6.  Date & time of owner/operator's follow-up ground inspection:",
            "label_address": "$B$44",
            "value_address": "$D$44",
            "value_type": {
                "__class__": "datetime",
                "__module__": "datetime"
            }
        },
        "instrument": {
            "label": "Q7.  Instrument used to locate the leak (e.g., Fisher Scientific TVA2020; RKI Multigas Analyzer Eagle 2; TDL):",
            "label_address": "$B$45",
            "value_address": "$D$45",
            "value_type": {
                "__class__": "str",
                "__module__": "builtins"
            }
        },
        "emission_identified_flag_fk": {
            "label": "Q8.  Was an emission source identified by follow-up monitoring?",
            "label_address": "$B$46",
            "value_address": "$D$46",
            "value_type": {
                "__class__": "str",
                "__module__": "builtins"
            }
        },
        "initial_leak_concentration": {
            "label": "Q9:  Concentration of methane leak associated with Q8 (in ppmv):",
            "label_address": "$B$50",
            "value_address": "$D$50",
            "value_type": {
                "__class__": "float",
                "__module__": "builtins"
            }
        },
        "lat_revised": {
            "label": "Q10.  Operator revised latitude associated with leak (if applicable):",
            "label_address": "$B$51",
            "value_address": "$D$51",
            "value_type": {
                "__class__": "float",
                "__module__": "builtins"
            }
        },
        "long_revised": {
            "label": "Q11.  Operator revised longitude associated with leak (if applicable):",
            "label_address": "$B$52",
            "value_address": "$D$52",
            "value_type": {
                "__class__": "float",
                "__module__": "builtins"
            }
        },
        "emission_type_fk": {
            "label": "Q12:  Select from the drop-down menu which option best matches the description of the emissions?",
            "label_address": "$B$53",
            "value_address": "$D$53",
            "value_type": {
                "__class__": "str",
                "__module__": "builtins"
            }
        },
        "emission_type_notes": {
            "label": "Q13.  Please provide additional details of the emission source associated with Q12:",
            "label_address": "$B$54",
            "value_address": "$D$54",
            "value_type": {
                "__class__": "str",
                "__module__": "builtins"
            }
        },
        "emission_location": {
            "label": "Q14.  Select from the drop-down menu which option best describes the location of the emission source?",
            "label_address": "$B$55",
            "value_address": "$D$55",
            "value_type": {
                "__class__": "str",
                "__module__": "builtins"
            }
        },
        "emission_location_notes": {
            "label": "Q15.  Please provide a more detailed description of the location, including grid number or component name, if applicable:",
            "label_address": "$B$56",
            "value_address": "$D$56",
            "value_type": {
                "__class__": "str",
                "__module__": "builtins"
            }
        },
        "emission_cause": {
            "label": "Q16.  Select the most likely primary cause of the leak:",
            "label_address": "$B$57",
            "value_address": "$D$57",
            "value_type": {
                "__class__": "str",
                "__module__": "builtins"
            }
        },
        "emission_cause_secondary": {
            "label": "Q17 (Optional).  Select the most likely secondary cause of the leak:",
            "label_address": "$B$58",
            "value_address": "$D$58",
            "value_type": {
                "__class__": "str",
                "__module__": "builtins"
            }
        },
        "emission_cause_tertiary": {
            "label": "Q18 (Optional).  Select the most likely tertiary cause of the leak:",
            "label_address": "$B$59",
            "value_address": "$D$59",
            "value_type": {
                "__class__": "str",
                "__module__": "builtins"
            }
        },
        "emission_cause_notes": {
            "label": "Q19.  Please provide a more detailed description of the cause(s), including the reason for and duration of any construction activity or downtime:",
            "label_address": "$B$60",
            "value_address": "$D$60",
            "value_type": {
                "__class__": "str",
                "__module__": "builtins"
            }
        },
        "mitigation_actions": {
            "label": "Q20.  Mitigation actions taken:",
            "label_address": "$B$64",
            "value_address": "$D$64",
            "value_type": {
                "__class__": "str",
                "__module__": "builtins"
            }
        },
        "mitigation_timestamp": {
            "label": "Q21.  Repair date:",
            "label_address": "$B$65",
            "value_address": "$D$65",
            "value_type": {
                "__class__": "datetime",
                "__module__": "datetime"
            }
        },
        "re_monitored_concentration": {
            "label": "Q22.  Re-monitored methane concentration after repair (ppmv):",
            "label_address": "$B$66",
            "value_address": "$D$66",
            "value_type": {
                "__class__": "float",
                "__module__": "builtins"
            }
        },
        "most_recent_prior_inspection": {
            "label": "Q23.  Most recent leak monitoring prior to this notification:",
            "label_address": "$B$67",
            "value_address": "$D$67",
            "value_type": {
                "__class__": "str",
                "__module__": "builtins"
            }
        },
        "last_surface_monitoring_timestamp": {
            "label": "Q24.  Date of last surface emissions monitoring:",
            "label_address": "$B$68",
            "value_address": "$D$68",
            "value_type": {
                "__class__": "datetime",
                "__module__": "datetime"
            }
        },
        "last_component_leak_monitoring_timestamp": {
            "label": "Q25.  Date of last component leak monitoring:",
            "label_address": "$B$69",
            "value_address": "$D$69",
            "value_type": {
                "__class__": "datetime",
                "__module__": "datetime"
            }
        },
        "included_in_last_lmr": {
            "label": "Q26.  Was this location monitored in the previous quarterly/annual Landfill Methane Regulation (LMR) surface emissions or quarterly component leak monitoring?",
            "label_address": "$B$70",
            "value_address": "$D$70",
            "value_type": {
                "__class__": "str",
                "__module__": "builtins"
            }
        },
        "included_in_last_lmr_description": {
            "label": "Q27.  If 'No' to Q26, please state why the area was excluded from monitoring (construction, active working face, steep slope, etc.)",
            "label_address": "$B$71",
            "value_address": "$D$71",
            "value_type": {
                "__class__": "str",
                "__module__": "builtins"
            }
        },
        "planned_for_next_lmr": {
            "label": "Q28.  Is this location planned for inclusion in the next quarterly/annual LMR monitoring?",
            "label_address": "$B$72",
            "value_address": "$D$72",
            "value_type": {
                "__class__": "str",
                "__module__": "builtins"
            }
        },
        "planned_for_next_lmr_description": {
            "label": "Q29.  If 'No' to Q28, please state why the area will not be monitored (e.g., construction, active working face, steep slope, etc.):",
            "label_address": "$B$73",
            "value_address": "$D$73",
            "value_type": {
                "__class__": "str",
                "__module__": "builtins"
            }
        },
        "additional_notes": {
            "label": "Q30. Additional notes or comments:",
            "label_address": "$B$77",
            "value_address": "$D$77",
            "value_type": {
                "__class__": "str",
                "__module__": "builtins"
            }
        }
    }
}