﻿{
"additional_activities": {
"label": "Q9  If no exceedances were found please describe any events or activities that may have contributed to the plume observed on the date listed in Section 2",
"label_address": "$B$42",
"value_address": "$D$42",
"is_drop_down": false
},
"additional_notes": {
"label": "Q31 Additional notes or comments",
"label_address": "$B$73",
"value_address": "$D$73",
"is_drop_down": false
},
"contact_email": {
"label": "Q5  Contact Email Address",
"label_address": "$B$35",
"value_address": "$D$35",
"is_drop_down": false
},
"contact_name": {
"label": "Q3  Contact Name",
"label_address": "$B$33",
"value_address": "$D$33",
"is_drop_down": false
},
"contact_phone": {
"label": "Q4  Contact Phone Number",
"label_address": "$B$34",
"value_address": "$D$34",
"is_drop_down": false
},
"emission_cause": {
"label": "Q17  Select the most likely cause of the leak",
"label_address": "$B$53",
"value_address": "$D$53",
"is_drop_down": true
},
"emission_cause_notes": {
"label": "Q20  Please provide a more detailed description of the causes including the reason for and duration of any construction activity or downtime",
"label_address": "$B$56",
"value_address": "$D$56",
"is_drop_down": false
},
"emission_cause_secondary": {
"label": "Q18 Optional  Please select an alternative cause only if suspected  This should not be the same as your Q17 response",
"label_address": "$B$54",
"value_address": "$D$54",
"is_drop_down": true
},
"emission_cause_tertiary": {
"label": "Q19 Optional  Please select an alternative cause only if suspected  This should not be the same as your Q17 or Q18 responses",
"label_address": "$B$55",
"value_address": "$D$55",
"is_drop_down": true
},
"emission_identified_flag_fk": {
"label": "Q8  Was an emission source identified by followup monitoring",
"label_address": "$B$41",
"value_address": "$D$41",
"is_drop_down": true
},
"emission_location": {
"label": "Q15  Select from the dropdown menu which option best describes the location of the emission source",
"label_address": "$B$51",
"value_address": "$D$51",
"is_drop_down": true
},
"emission_location_notes": {
"label": "Q16  Please provide a more detailed description of the location including grid number or component name if applicable",
"label_address": "$B$52",
"value_address": "$D$52",
"is_drop_down": false
},
"emission_type_fk": {
"label": "Q13  Select from the dropdown menu which option best matches the description of the emissions",
"label_address": "$B$49",
"value_address": "$D$49",
"is_drop_down": true
},
"emission_type_notes": {
"label": "Q14  Please provide additional details of the emission source associated with Q13",
"label_address": "$B$50",
"value_address": "$D$50",
"is_drop_down": false
},
"facility_name": {
"label": "Q1  Facility Name",
"label_address": "$B$31",
"value_address": "$D$31",
"is_drop_down": false
},
"id_arb_swis": {
"label": "Q2  Facility SWIS ID",
"label_address": "$B$32",
"value_address": "$D$32",
"is_drop_down": false
},
"id_incidence": {
"label": "1  IncidenceEmission ID",
"label_address": "$B$22",
"value_address": "$D$22",
"is_drop_down": false
},
"id_message": {
"label": "6  CARB message ID",
"label_address": "$B$27",
"value_address": "$D$27",
"is_drop_down": false
},
"id_plume": {
"label": "2  Plume IDs",
"label_address": "$B$23",
"value_address": "$D$23",
"is_drop_down": false
},
"included_in_last_lmr": {
"label": "Q25  Was this grid or component monitored in the most recent prior quarterlyannual surface emissions or quarterly component leak monitoring event",
"label_address": "$B$64",
"value_address": "$D$64",
"is_drop_down": true
},
"included_in_last_lmr_description": {
"label": "Q26  If No to Q25 please explain why the area was excluded from monitoring",
"label_address": "$B$65",
"value_address": "$D$65",
"is_drop_down": false
},
"initial_leak_concentration": {
"label": "Q10  Maximum concentration of methane leak in ppmv",
"label_address": "$B$46",
"value_address": "$D$46",
"is_drop_down": false
},
"inspection_timestamp": {
"label": "Q6  Date of owneroperators followup ground inspection",
"label_address": "$B$39",
"value_address": "$D$39",
"is_drop_down": false
},
"instrument": {
"label": "Q7  Instrument used to locate the leak eg Fisher Scientific TVA2020 RKI Multigas Analyzer Eagle 2 TDL",
"label_address": "$B$40",
"value_address": "$D$40",
"is_drop_down": false
},
"last_component_leak_monitoring_timestamp": {
"label": "Q30  Date of most recent component leak monitoring event prior to this notification",
"label_address": "$B$72",
"value_address": "$D$72",
"is_drop_down": false
},
"last_surface_monitoring_timestamp": {
"label": "Q29  Date of most recent surface emissions monitoring event prior to this notification",
"label_address": "$B$71",
"value_address": "$D$71",
"is_drop_down": false
},
"lat_carb": {
"label": "4  Plume Origin CARB Estimated Latitude",
"label_address": "$B$25",
"value_address": "$D$25",
"is_drop_down": false
},
"lat_revised": {
"label": "Q11  Please provide a revised latitude if the leak location from ground monitoring differs from CARBs estimate in Section 2",
"label_address": "$B$47",
"value_address": "$D$47",
"is_drop_down": false
},
"long_carb": {
"label": "5  Plume Origin CARB Estimated Longitude",
"label_address": "$B$26",
"value_address": "$D$26",
"is_drop_down": false
},
"long_revised": {
"label": "Q12  Please provide a revised longitude if the leak location from ground monitoring differs from CARBs estimate in Section 2",
"label_address": "$B$48",
"value_address": "$D$48",
"is_drop_down": false
},
"mitigation_actions": {
"label": "Q21  Describe the corrective actions taken",
"label_address": "$B$60",
"value_address": "$D$60",
"is_drop_down": false
},
"mitigation_timestamp": {
"label": "Q22  Repair date",
"label_address": "$B$61",
"value_address": "$D$61",
"is_drop_down": false
},
"observation_timestamp": {
"label": "3  Plume Observation Date",
"label_address": "$B$24",
"value_address": "$D$24",
"is_drop_down": false
},
"planned_for_next_lmr": {
"label": "Q27  Is this gridcomponent planned for inclusion in the next quarterlyannual leak monitoring",
"label_address": "$B$66",
"value_address": "$D$66",
"is_drop_down": true
},
"planned_for_next_lmr_description": {
"label": "Q28  If No to Q27 please state why the area will not be monitored",
"label_address": "$B$67",
"value_address": "$D$67",
"is_drop_down": false
},
"re_monitored_concentration": {
"label": "Q24  Remonitored methane concentration after repair ppmv",
"label_address": "$B$63",
"value_address": "$D$63",
"is_drop_down": false
},
"re_monitored_timestamp": {
"label": "Q23  Remonitored date",
"label_address": "$B$62",
"value_address": "$D$62",
"is_drop_down": false
}
}