{
    "_metadata_": {
        "schema_version": "landfill_v01",
        "File created at": "2025-04-03T20:19:24.708722",
        "Serialized with": "utils.json.json_save_with_meta",
        "Deserialize with": "utils.json.json_load_with_meta"
    },
    "_data_": {
        "facility_name": {
            "label": "Facility Name:",
            "label_address": "$B$4",
            "value_address": "$C$4",
            "value_type": {
                "__class__": "str",
                "__module__": "builtins"
            }
        },
        "contact_name": {
            "label": "Contact Name:",
            "label_address": "$B$5",
            "value_address": "$C$5",
            "value_type": {
                "__class__": "str",
                "__module__": "builtins"
            }
        },
        "contact_phone": {
            "label": "Phone Number:",
            "label_address": "$B$6",
            "value_address": "$C$6",
            "value_type": {
                "__class__": "str",
                "__module__": "builtins"
            }
        },
        "contact_email": {
            "label": "Email Address:",
            "label_address": "$B$7",
            "value_address": "$C$7",
            "value_type": {
                "__class__": "str",
                "__module__": "builtins"
            }
        },
        "id_incidence": {
            "label": "Incidence ID:",
            "label_address": "$B$10",
            "value_address": "$C$10",
            "value_type": {
                "__class__": "int",
                "__module__": "builtins"
            }
        },
        "id_plume": {
            "label": "Plume IDs:",
            "label_address": "$B$11",
            "value_address": "$C$11",
            "value_type": {
                "__class__": "int",
                "__module__": "builtins"
            }
        },
        "lat_and_long": {
            "label": "Estimated lat/lon coordinates:",
            "label_address": "$B$12",
            "value_address": "$C$12",
            "value_type": {
                "__class__": "str",
                "__module__": "builtins"
            }
        },
        "observation_timestamp": {
            "label": "Date(s) of plume observed:",
            "label_address": "$B$13",
            "value_address": "$C$13",
            "value_type": {
                "__class__": "datetime",
                "__module__": "datetime"
            }
        },
        "inspection_timestamp": {
            "label": "Date of operator's follow-up ground survey:",
            "label_address": "$B$16",
            "value_address": "$C$16",
            "value_type": {
                "__class__": "datetime",
                "__module__": "datetime"
            }
        },
        "instrument": {
            "label": "Instrument used to locate the leak (e.g., Fisher Scientific TVA2020; RKI Multigas Analyzer Eagle 2; TDL):",
            "label_address": "$B$17",
            "value_address": "$C$17",
            "value_type": {
                "__class__": "str",
                "__module__": "builtins"
            }
        },
        "emission_identified_flag_fk": {
            "label": "Was an emission source identified by follow-up monitoring? If yes, answer 11 - 17, if no, skip 11 - 17.",
            "label_address": "$B$18",
            "value_address": "$C$18",
            "value_type": {
                "__class__": "str",
                "__module__": "builtins"
            }
        },
        "initial_leak_concentration": {
            "label": "a. Concentration of methane leak (ppmv):",
            "label_address": "$B$19",
            "value_address": "$C$19",
            "value_type": {
                "__class__": "float",
                "__module__": "builtins"
            }
        },
        "lat_and_long_revised": {
            "label": "b. Operator revised coordinates (lat,lon), if applicable:",
            "label_address": "$B$20",
            "value_address": "$C$20",
            "value_type": {
                "__class__": "float",
                "__module__": "builtins"
            }
        },
        "emission_type_fk": {
            "label": "Select from the drop-down menu which option best matches the description of the emissions?",
            "label_address": "$B$21",
            "value_address": "$C$21",
            "value_type": {
                "__class__": "str",
                "__module__": "builtins"
            }
        },
        "emission_type_notes": {
            "label": "Description:",
            "label_address": "$B$22",
            "value_address": "$B$23",
            "value_type": {
                "__class__": "str",
                "__module__": "builtins"
            }
        },
        "emission_location": {
            "label": "Select from the drop-down menu which option best describes the location of the emission source?",
            "label_address": "$B$24",
            "value_address": "$C$24",
            "value_type": {
                "__class__": "str",
                "__module__": "builtins"
            }
        },
        "emission_location_notes": {
            "label": "Please provide a more detailed description of the location, including grid number or component name, if applicable:",
            "label_address": "$B$25",
            "value_address": "$B$26",
            "value_type": {
                "__class__": "str",
                "__module__": "builtins"
            }
        },
        "emission_cause": {
            "label": "a. Select the most likely primary cause of the leak (Required):",
            "label_address": "$B$27",
            "value_address": "$C$27",
            "value_type": {
                "__class__": "str",
                "__module__": "builtins"
            }
        },
        "emission_cause_secondary": {
            "label": "b. Select the most likely secondary cause of the leak (Optional):",
            "label_address": "$B$29",
            "value_address": "$C$29",
            "value_type": {
                "__class__": "str",
                "__module__": "builtins"
            }
        },
        "emission_cause_tertiary": {
            "label": "c. Select the most likely tertiary cause of the leak (Optional):",
            "label_address": "$B$31",
            "value_address": "$C$31",
            "value_type": {
                "__class__": "str",
                "__module__": "builtins"
            }
        },
        "emission_cause_notes": {
            "label": "Please provide a more detailed description of the cause(s), including the reason for and duration of any construction activity or downtime:",
            "label_address": "$B$32",
            "value_address": "$B$33",
            "value_type": {
                "__class__": "str",
                "__module__": "builtins"
            }
        },
        "mitigation_actions": {
            "label": "Mitigation actions taken:",
            "label_address": "$B$35",
            "value_address": "$B$36",
            "value_type": {
                "__class__": "str",
                "__module__": "builtins"
            }
        },
        "mitigation_timestamp": {
            "label": "Repair date:",
            "label_address": "$B$37",
            "value_address": "$C$37",
            "value_type": {
                "__class__": "datetime",
                "__module__": "datetime"
            }
        },
        "re_monitored_concentration": {
            "label": "Re-monitored methane concentration after repair (ppmv):",
            "label_address": "$B$38",
            "value_address": "$C$38",
            "value_type": {
                "__class__": "float",
                "__module__": "builtins"
            }
        },
        "most_recent_prior_inspection": {
            "label": "Most recent leak monitoring prior to this notification:",
            "label_address": "$B$39",
            "value_address": "$C$39",
            "value_type": {
                "__class__": "str",
                "__module__": "builtins"
            }
        },
        "last_surface_monitoring_timestamp": {
            "label": "a. Date of last surface emissions monitoring:",
            "label_address": "$B$40",
            "value_address": "$C$40",
            "value_type": {
                "__class__": "datetime",
                "__module__": "datetime"
            }
        },
        "last_component_leak_monitoring_timestamp": {
            "label": "b. Date of last component leak monitoring:",
            "label_address": "$B$41",
            "value_address": "$C$41",
            "value_type": {
                "__class__": "datetime",
                "__module__": "datetime"
            }
        },
        "included_in_last_lmr": {
            "label": "Was this location monitored in the previous quarterly/annual Landfill Methane Regulation (LMR) surface emissions or quarterly component leak monitoring?",
            "label_address": "$B$42",
            "value_address": "$C$42",
            "value_type": {
                "__class__": "str",
                "__module__": "builtins"
            }
        },
        "included_in_last_lmr_description": {
            "label": "If not, please state why the area was excluded from monitoring (construction, active working face, steep slope, etc.):",
            "label_address": "$B$43",
            "value_address": "$B$44",
            "value_type": {
                "__class__": "str",
                "__module__": "builtins"
            }
        },
        "planned_for_next_lmr": {
            "label": "Is this location planned for inclusion in the next quarterly/annual LMR monitoring?",
            "label_address": "$B$45",
            "value_address": "$C$45",
            "value_type": {
                "__class__": "str",
                "__module__": "builtins"
            }
        },
        "planned_for_next_lmr_description": {
            "label": "Please state why the area will not be monitored (e.g., construction, active working face, steep slope, etc.):",
            "label_address": "$B$46",
            "value_address": "$B$47",
            "value_type": {
                "__class__": "str",
                "__module__": "builtins"
            }
        }
    }
}