{
    "_metadata_": {
        "schema_version": "oil_and_gas_v01",
        "File created at": "2025-04-03T20:19:24.681723",
        "Serialized with": "utils.json.json_save_with_meta",
        "Deserialize with": "utils.json.json_load_with_meta"
    },
    "_data_": {
        "facility_name": {
            "label": "Facility Name:",
            "label_address": "$B$6",
            "value_address": "$D$6",
            "value_type": {
                "__class__": "str",
                "__module__": "builtins"
            }
        },
        "id_arb_eggrt": {
            "label": "Facility's Cal e-GGRT ARB ID, if known:",
            "label_address": "$B$7",
            "value_address": "$D$7",
            "value_type": {
                "__class__": "str",
                "__module__": "builtins"
            }
        },
        "contact_name": {
            "label": "Contact Person Name:",
            "label_address": "$B$8",
            "value_address": "$D$8",
            "value_type": {
                "__class__": "str",
                "__module__": "builtins"
            }
        },
        "contact_phone": {
            "label": "Phone Number:",
            "label_address": "$B$9",
            "value_address": "$D$9",
            "value_type": {
                "__class__": "str",
                "__module__": "builtins"
            }
        },
        "contact_email": {
            "label": "Email Address:",
            "label_address": "$B$10",
            "value_address": "$D$10",
            "value_type": {
                "__class__": "str",
                "__module__": "builtins"
            }
        },
        "id_incidence": {
            "label": "Emission ID (provided by CARB):",
            "label_address": "$B$11",
            "value_address": "$D$11",
            "value_type": {
                "__class__": "int",
                "__module__": "builtins"
            }
        },
        "notification_timestamp": {
            "label": "Date of notification from CARB (provided by CARB):",
            "label_address": "$B$12",
            "value_address": "$D$12",
            "value_type": {
                "__class__": "datetime",
                "__module__": "datetime"
            }
        },
        "lat_and_long": {
            "label": "Estimated lat/lon coordinates (provided by CARB):",
            "label_address": "$B$13",
            "value_address": "$D$13",
            "value_type": {
                "__class__": "str",
                "__module__": "builtins"
            }
        },
        "observation_timestamp": {
            "label": "Date(s) of plume observation (provided by CARB):",
            "label_address": "$B$14",
            "value_address": "$D$14",
            "value_type": {
                "__class__": "datetime",
                "__module__": "datetime"
            }
        },
        "venting_exclusion": {
            "label": "Was the plume a result of activity-based venting that is being reported per section 95669.1(b)(1) of the Oil and Gas Methane Regulation?",
            "label_address": "$B$17",
            "value_address": "$D$17",
            "value_type": {
                "__class__": "str",
                "__module__": "builtins"
            }
        },
        "venting_description_1": {
            "label": "Description of the venting (brief summary of the source of the venting and why the venting occurred): [if answered \"yes\" to question 10]",
            "label_address": "$B$18",
            "value_address": "$B$19",
            "value_type": {
                "__class__": "str",
                "__module__": "builtins"
            }
        },
        "inspection_timestamp": {
            "label": "Date of owner/operator's follow-up ground inspection:",
            "label_address": "$B$22",
            "value_address": "$D$22",
            "value_type": {
                "__class__": "datetime",
                "__module__": "datetime"
            }
        },
        "inspection_type": {
            "label": "Type of initial inspection performed:",
            "label_address": "$B$23",
            "value_address": "$D$23",
            "value_type": {
                "__class__": "str",
                "__module__": "builtins"
            }
        },
        "found_source_type": {
            "label": "Type of source found:",
            "label_address": "$B$24",
            "value_address": "$D$24",
            "value_type": {
                "__class__": "str",
                "__module__": "builtins"
            }
        },
        "initial_mitigation_plan": {
            "label": "Initial mitigation plan, unless a venting source or no source was found:",
            "label_address": "$B$26",
            "value_address": "$B$25",
            "value_type": {
                "__class__": "str",
                "__module__": "builtins"
            }
        },
        "venting_description_2": {
            "label": "Description of the venting (brief summary of the source of the venting and why the venting occurred):",
            "label_address": "$B$29",
            "value_address": "$B$30",
            "value_type": {
                "__class__": "str",
                "__module__": "builtins"
            }
        },
        "ogi_survey": {
            "label": "If an OGI survey indicated an unintentional emission source, which of the options to the right applies?",
            "label_address": "$B$33",
            "value_address": "$D$33",
            "value_type": {
                "__class__": "str",
                "__module__": "builtins"
            }
        },
        "equipment_at_source": {
            "label": "What type of equipment is at the source of the emissions?",
            "label_address": "$B$34",
            "value_address": "$D$34",
            "value_type": {
                "__class__": "str",
                "__module__": "builtins"
            }
        },
        "equipment_other_description": {
            "label": "If 'other' please describe:",
            "label_address": "$B$35",
            "value_address": "$B$36",
            "value_type": {
                "__class__": "str",
                "__module__": "builtins"
            }
        },
        "component_at_source": {
            "label": "What type of component is at the source of the emissions (if the source is a component)?",
            "label_address": "$B$37",
            "value_address": "$D$37",
            "value_type": {
                "__class__": "str",
                "__module__": "builtins"
            }
        },
        "component_other_description": {
            "label": "If 'other' please describe:",
            "label_address": "$B$38",
            "value_address": "$B$39",
            "value_type": {
                "__class__": "str",
                "__module__": "builtins"
            }
        },
        "initial_method_21_timestamp": {
            "label": "Date of initial Method 21 measurement, if applicable:",
            "label_address": "$B$41",
            "value_address": "$D$41",
            "value_type": {
                "__class__": "datetime",
                "__module__": "datetime"
            }
        },
        "initial_leak_concentration": {
            "label": "Initial leak concentration, if applicable (ppmv):",
            "label_address": "$B$42",
            "value_address": "$D$42",
            "value_type": {
                "__class__": "float",
                "__module__": "builtins"
            }
        },
        "repair_timestamp": {
            "label": "Repair date & time:",
            "label_address": "$B$43",
            "value_address": "$D$43",
            "value_type": {
                "__class__": "datetime",
                "__module__": "datetime"
            }
        },
        "final_repair_concentration": {
            "label": "Final repair concentration, if applicable (ppmv):",
            "label_address": "$B$44",
            "value_address": "$D$44",
            "value_type": {
                "__class__": "float",
                "__module__": "builtins"
            }
        },
        "repair_description": {
            "label": "Mitigation actions taken:",
            "label_address": "$B$47",
            "value_address": "$B$48",
            "value_type": {
                "__class__": "str",
                "__module__": "builtins"
            }
        }
    }
}