{
    "_metadata_": {
        "schema_version": "oil_and_gas_v02",
        "File created at": "2025-04-03T20:19:24.694723",
        "Serialized with": "utils.json.json_save_with_meta",
        "Deserialize with": "utils.json.json_load_with_meta"
    },
    "_data_": {
        "id_incidence": {
            "label": "1.  Incidence/Emission ID:",
            "label_address": "$B$24",
            "value_address": "$D$24",
            "value_type": {
                "__class__": "int",
                "__module__": "builtins"
            }
        },
        "id_plume": {
            "label": "2.  Plume ID(s):",
            "label_address": "$B$25",
            "value_address": "$D$25",
            "value_type": {
                "__class__": "int",
                "__module__": "builtins"
            }
        },
        "observation_timestamp": {
            "label": "3.  Plume Observation Timestamp(s):",
            "label_address": "$B$26",
            "value_address": "$D$26",
            "value_type": {
                "__class__": "datetime",
                "__module__": "datetime"
            }
        },
        "lat_carb": {
            "label": "4.  Plume CARB Estimated Latitude:",
            "label_address": "$B$27",
            "value_address": "$D$27",
            "value_type": {
                "__class__": "str",
                "__module__": "builtins"
            }
        },
        "long_carb": {
            "label": "5.  Plume CARB Estimated Longitude:",
            "label_address": "$B$28",
            "value_address": "$D$28",
            "value_type": {
                "__class__": "str",
                "__module__": "builtins"
            }
        },
        "notification_timestamp": {
            "label": "6.  Operator Notification Timestamp:",
            "label_address": "$B$29",
            "value_address": "$D$29",
            "value_type": {
                "__class__": "datetime",
                "__module__": "datetime"
            }
        },
        "facility_name": {
            "label": "Q1.  Facility Name:",
            "label_address": "$B$33",
            "value_address": "$D$33",
            "value_type": {
                "__class__": "str",
                "__module__": "builtins"
            }
        },
        "id_arb_eggrt": {
            "label": "Q2.  Facility's Cal e-GGRT ARB ID (if known):",
            "label_address": "$B$34",
            "value_address": "$D$34",
            "value_type": {
                "__class__": "str",
                "__module__": "builtins"
            }
        },
        "contact_name": {
            "label": "Q3.  Contact Name:",
            "label_address": "$B$35",
            "value_address": "$D$35",
            "value_type": {
                "__class__": "str",
                "__module__": "builtins"
            }
        },
        "contact_phone": {
            "label": "Q4.  Contact Phone Number:",
            "label_address": "$B$36",
            "value_address": "$D$36",
            "value_type": {
                "__class__": "str",
                "__module__": "builtins"
            }
        },
        "contact_email": {
            "label": "Q5.  Contact Email Address:",
            "label_address": "$B$37",
            "value_address": "$D$37",
            "value_type": {
                "__class__": "str",
                "__module__": "builtins"
            }
        },
        "venting_exclusion": {
            "label": "Q6.  Was the plume a result of activity-based venting that is being reported per section 95669.1(b)(1) of the Oil and Gas Methane Regulation?",
            "label_address": "$B$41",
            "value_address": "$D$41",
            "value_type": {
                "__class__": "str",
                "__module__": "builtins"
            }
        },
        "venting_description_1": {
            "label": "Q7.  If you answered 'Yes' to Q6, please provide a brief summary of the source of the venting defined by Regulation 95669.1(b)(1) and why the venting occurred.",
            "label_address": "$B$42",
            "value_address": "$D$42",
            "value_type": {
                "__class__": "str",
                "__module__": "builtins"
            }
        },
        "inspection_timestamp": {
            "label": "Q8.  Date & time of owner/operator's follow-up ground inspection:",
            "label_address": "$B$46",
            "value_address": "$D$46",
            "value_type": {
                "__class__": "datetime",
                "__module__": "datetime"
            }
        },
        "inspection_type": {
            "label": "Q9.  Type of initial inspection performed:",
            "label_address": "$B$47",
            "value_address": "$D$47",
            "value_type": {
                "__class__": "str",
                "__module__": "builtins"
            }
        },
        "found_source_type": {
            "label": "Q10.  Type of source found:",
            "label_address": "$B$48",
            "value_address": "$D$48",
            "value_type": {
                "__class__": "str",
                "__module__": "builtins"
            }
        },
        "venting_description_2": {
            "label": "Q11.  If you answered 'Venting' to Q10, please provide a brief summary of the source of the venting discovered during the ground inspection and why the venting occurred.",
            "label_address": "$B$49",
            "value_address": "$D$49",
            "value_type": {
                "__class__": "str",
                "__module__": "builtins"
            }
        },
        "initial_mitigation_plan": {
            "label": "Q12.  If you answered an 'Unintentional emission source (found with OGI)' or 'Leak (found with Method 21)' to Q10, please provide a description of your initial mitigation plan:",
            "label_address": "$B$50",
            "value_address": "$D$50",
            "value_type": {
                "__class__": "str",
                "__module__": "builtins"
            }
        },
        "ogi_survey": {
            "label": "Q13.  If an OGI survey indicated an unintentional emission source, which of the options to the right applies?",
            "label_address": "$B$54",
            "value_address": "$D$54",
            "value_type": {
                "__class__": "str",
                "__module__": "builtins"
            }
        },
        "equipment_at_source": {
            "label": "Q14.  What type of equipment is at the source of the emissions?",
            "label_address": "$B$55",
            "value_address": "$D$55",
            "value_type": {
                "__class__": "str",
                "__module__": "builtins"
            }
        },
        "equipment_other_description": {
            "label": "Q15.  If you answered 'Other' for Q14, please provide an additional description of the equipment.",
            "label_address": "$B$56",
            "value_address": "$D$56",
            "value_type": {
                "__class__": "str",
                "__module__": "builtins"
            }
        },
        "component_at_source": {
            "label": "Q16.  If your source is a component, what type of component is at the source of the emissions?",
            "label_address": "$B$57",
            "value_address": "$D$57",
            "value_type": {
                "__class__": "str",
                "__module__": "builtins"
            }
        },
        "component_other_description": {
            "label": "Q17.  If you answered 'Other' for Q16, please provide an additional description of the component.",
            "label_address": "$B$58",
            "value_address": "$D$58",
            "value_type": {
                "__class__": "str",
                "__module__": "builtins"
            }
        },
        "initial_method_21_timestamp": {
            "label": "Q18.  Date & time of initial Method 21 measurement (if applicable):",
            "label_address": "$B$59",
            "value_address": "$D$59",
            "value_type": {
                "__class__": "datetime",
                "__module__": "datetime"
            }
        },
        "initial_leak_concentration": {
            "label": "Q19.  Initial leak concentration in ppmv (if applicable):",
            "label_address": "$B$60",
            "value_address": "$D$60",
            "value_type": {
                "__class__": "float",
                "__module__": "builtins"
            }
        },
        "repair_timestamp": {
            "label": "Q20.  Repair/mitigation completion date & time (if applicable):",
            "label_address": "$B$61",
            "value_address": "$D$61",
            "value_type": {
                "__class__": "datetime",
                "__module__": "datetime"
            }
        },
        "final_repair_concentration": {
            "label": "Q21.  Final repair concentration in ppmv (if applicable):",
            "label_address": "$B$62",
            "value_address": "$D$62",
            "value_type": {
                "__class__": "float",
                "__module__": "builtins"
            }
        },
        "repair_description": {
            "label": "Q22.  Repair/Mitigation actions taken (if applicable):",
            "label_address": "$B$63",
            "value_address": "$D$63",
            "value_type": {
                "__class__": "str",
                "__module__": "builtins"
            }
        },
        "additional_notes": {
            "label": "Q23. Additional notes or comments:",
            "label_address": "$B$67",
            "value_address": "$D$67",
            "value_type": {
                "__class__": "str",
                "__module__": "builtins"
            }
        }
    }
}